"日期","收支类型","类别","账户","金额","备注"
"2026年06月27日","收入","其它","未关联","20","共创"
"2026年06月27日","支出","餐饮","未关联","16.5","午餐"
"2026年06月27日","支出","购物","未关联","18","买鲨鱼记账会员导出数据"
"2026年06月27日","收入","代剪","未关联","15",""
"2026年06月26日","收入","其它","未关联","35","共创"
"2026年06月26日","支出","餐饮","未关联","15.7","午餐"
"2026年06月26日","支出","餐饮","未关联","12.9","晚餐"
"2026年06月26日","支出","餐饮","未关联","6","夜宵"
"2026年06月25日","支出","餐饮","未关联","4.5","早餐"
"2026年06月25日","支出","餐饮","未关联","12","午餐"
"2026年06月25日","支出","交通","未关联","4.6","打车"
"2026年06月24日","收入","素材群","未关联","20",""
"2026年06月24日","支出","餐饮","未关联","81.3","烤肉自助"
"2026年06月24日","支出","餐饮","未关联","21.1","晚餐"
"2026年06月23日","支出","餐饮","未关联","4","早餐"
"2026年06月23日","支出","餐饮","未关联","18","午餐"
"2026年06月23日","支出","餐饮","未关联","3","冰棒"
"2026年06月23日","支出","交通","未关联","0.9","小白"
"2026年06月23日","支出","餐饮","未关联","10","西瓜"
"2026年06月23日","支出","餐饮","未关联","12","晚餐"
"2026年06月22日","支出","餐饮","未关联","4","早餐"
"2026年06月22日","支出","交通","未关联","1","小白"
"2026年06月22日","支出","餐饮","未关联","18","午餐"
"2026年06月22日","支出","餐饮","未关联","3","冰棒"
"2026年06月22日","支出","交通","未关联","0.9","小白"
"2026年06月22日","支出","餐饮","未关联","17.8","晚餐"
"2026年06月22日","支出","购物","未关联","48.75","买课设"
"2026年06月22日","支出","餐饮","未关联","3.99","水"
"2026年06月21日","支出","餐饮","未关联","4.5","冰棒"
"2026年06月21日","支出","购物","未关联","99.8","父亲节买衣服内裤"
"2026年06月21日","支出","餐饮","未关联","15.08","晚餐"
"2026年06月20日","支出","餐饮","未关联","7","夜宵"
"2026年06月20日","支出","餐饮","未关联","28","夜宵"
"2026年06月19日","支出","餐饮","未关联","10.9","早餐"
"2026年06月19日","收入","代剪","未关联","30",""
"2026年06月19日","支出","购物","未关联","5.8","键盘清洁"
"2026年06月18日","支出","餐饮","未关联","4","早餐"
"2026年06月18日","支出","餐饮","未关联","4","水"
"2026年06月18日","支出","餐饮","未关联","12","午餐"
"2026年06月18日","收入","其它","未关联","3","卖书"
"2026年06月18日","支出","日用","未关联","5.9","买codex"
"2026年06月18日","支出","餐饮","未关联","7","晚餐"
"2026年06月18日","支出","餐饮","未关联","10.9","奶茶"
"2026年06月18日","支出","交通","未关联","6.5","车费"
"2026年06月18日","支出","日用","未关联","5.9","买codex"
"2026年06月17日","支出","餐饮","未关联","3.5","糯米鸡"
"2026年06月17日","支出","日用","未关联","0.3","打印"
"2026年06月17日","支出","餐饮","未关联","12","午餐"
"2026年06月17日","支出","购物","未关联","28","买永劫皮肤"
"2026年06月17日","支出","餐饮","未关联","13.1","晚餐"
"2026年06月17日","支出","日用","未关联","15","电费"
"2026年06月17日","支出","餐饮","未关联","6","夜宵"
"2026年06月16日","支出","交通","未关联","13.56","打车"
"2026年06月16日","支出","医疗","未关联","61.48","看病买消炎药"
"2026年06月16日","支出","餐饮","未关联","14","晚餐"
"2026年06月16日","支出","日用","未关联","5","打印"
"2026年06月16日","支出","餐饮","未关联","5.9","牛奶"
"2026年06月16日","支出","餐饮","未关联","6","夜宵"
"2026年06月15日","支出","餐饮","未关联","4","早餐"
"2026年06月15日","支出","餐饮","未关联","12","午餐"
"2026年06月15日","收入","其它","未关联","15",""
"2026年06月15日","支出","餐饮","未关联","16.8","晚餐"
"2026年06月14日","支出","餐饮","未关联","15.8","午餐"
"2026年06月14日","支出","餐饮","未关联","15.28","晚餐"
"2026年06月14日","支出","餐饮","未关联","3","冰棒"
"2026年06月14日","支出","购物","未关联","50","买deepseek"
"2026年06月13日","支出","餐饮","未关联","13.7","午餐"
"2026年06月13日","支出","日用","未关联","3.5","打印"
"2026年06月13日","支出","餐饮","未关联","4.5","冰棒"
"2026年06月13日","支出","餐饮","未关联","18.5",""
"2026年06月13日","支出","餐饮","未关联","17.3","夜宵"
"2026年06月12日","支出","餐饮","未关联","6","早餐"
"2026年06月12日","支出","购物","未关联","8.14","坐垫"
"2026年06月12日","支出","餐饮","未关联","3.99","水"
"2026年06月12日","支出","餐饮","未关联","18","晚餐"
"2026年06月12日","支出","餐饮","未关联","12","午餐"
"2026年06月12日","支出","交通","未关联","4.5","打车"
"2026年06月12日","支出","交通","未关联","1","公交"
"2026年06月12日","支出","餐饮","未关联","12.9","晚餐"
"2026年06月11日","支出","餐饮","未关联","3.5","早餐"
"2026年06月11日","支出","餐饮","未关联","12","晚餐"
"2026年06月11日","支出","餐饮","未关联","12.5","购买零食"
"2026年06月11日","支出","餐饮","未关联","11.9","午餐"
"2026年06月10日","支出","餐饮","未关联","3.5","早餐"
"2026年06月10日","支出","餐饮","未关联","16.8","午餐"
"2026年06月10日","支出","餐饮","未关联","17.7","奶茶"
"2026年06月10日","支出","餐饮","未关联","7","晚餐"
"2026年06月10日","支出","餐饮","未关联","5","晚餐"
"2026年06月10日","支出","购物","未关联","61.61","买护腰坐垫"
"2026年06月09日","支出","餐饮","未关联","3.5","早餐"
"2026年06月09日","支出","餐饮","未关联","15","午餐"
"2026年06月09日","支出","日用","未关联","18","水费"
"2026年06月09日","支出","餐饮","未关联","10.9","奶茶"
"2026年06月09日","支出","餐饮","未关联","12","晚餐"
"2026年06月08日","支出","餐饮","未关联","4","早餐"
"2026年06月08日","支出","餐饮","未关联","12","午餐"
"2026年06月08日","收入","代剪","未关联","35",""
"2026年06月08日","支出","餐饮","未关联","13","晚餐"
"2026年06月08日","支出","餐饮","未关联","5","冰棒"
"2026年06月08日","支出","餐饮","未关联","15.9","炖奶"
"2026年06月07日","支出","餐饮","未关联","16","午餐"
"2026年06月07日","支出","餐饮","未关联","20.38","晚餐"
"2026年06月06日","支出","餐饮","未关联","13.9","午餐"
"2026年06月06日","支出","餐饮","未关联","18","奶茶"
"2026年06月06日","收入","代剪","未关联","20",""
"2026年06月06日","收入","代剪","未关联","20",""
"2026年06月06日","支出","餐饮","未关联","18","晚餐"
"2026年06月05日","支出","餐饮","未关联","4","早餐"
"2026年06月05日","支出","交通","未关联","0.9","小白"
"2026年06月05日","支出","餐饮","未关联","5","夜宵"
"2026年06月04日","支出","餐饮","未关联","4","早餐"
"2026年06月04日","支出","餐饮","未关联","31.4","午餐"
"2026年06月04日","支出","餐饮","未关联","3.99","水"
"2026年06月04日","支出","餐饮","未关联","4","水"
"2026年06月03日","支出","日用","未关联","0.8","打印"
"2026年06月03日","支出","餐饮","未关联","12","午餐"
"2026年06月03日","支出","餐饮","未关联","3.99","水"
"2026年06月03日","支出","日用","未关联","15","电费"
"2026年06月03日","支出","日用","未关联","16.15","寄邮"
"2026年06月03日","支出","餐饮","未关联","5","冰棒"
"2026年06月03日","支出","餐饮","未关联","10.5","晚餐"
"2026年06月02日","支出","餐饮","未关联","12","午餐"
"2026年06月02日","支出","餐饮","未关联","19.8","晚餐"
"2026年06月02日","支出","餐饮","未关联","6","水"
"2026年06月02日","支出","日用","未关联","0.4","打印"
"2026年06月01日","支出","餐饮","未关联","7","早餐"
"2026年06月01日","支出","餐饮","未关联","12","午餐"
"2026年06月01日","收入","代剪","未关联","35",""
"2026年06月01日","支出","餐饮","未关联","2","冰棒"
"2026年05月31日","支出","餐饮","未关联","20.96","午餐"
"2026年05月31日","支出","餐饮","未关联","16","晚餐"
"2026年05月30日","支出","交通","未关联","40","打车"
"2026年05月30日","支出","餐饮","未关联","9","早餐"
"2026年05月30日","支出","餐饮","未关联","11","午餐"
"2026年05月30日","支出","日用","未关联","10","体检"
"2026年05月30日","支出","餐饮","未关联","10","晚餐"
"2026年05月29日","支出","交通","未关联","17.4","打车"
"2026年05月29日","支出","医疗","未关联","155.23","体检"
"2026年05月29日","支出","交通","未关联","21.13","打车"
"2026年05月29日","支出","餐饮","未关联","11","午餐"
"2026年05月29日","支出","交通","未关联","36.94","打车"
"2026年05月29日","支出","餐饮","未关联","5","晚餐"
"2026年05月29日","支出","餐饮","未关联","4","水"
"2026年05月28日","收入","其它","未关联","15",""
"2026年05月28日","支出","餐饮","未关联","14.2","午餐"
"2026年05月28日","支出","餐饮","未关联","2","早餐"
"2026年05月28日","支出","餐饮","未关联","12.4","晚餐"
"2026年05月28日","收入","代剪","未关联","25",""
"2026年05月27日","支出","餐饮","未关联","12.2","午餐"
"2026年05月27日","支出","交通","未关联","0.9","小白"
"2026年05月26日","支出","餐饮","未关联","12","午餐"
"2026年05月26日","收入","其它","未关联","13.14",""
"2026年05月26日","支出","餐饮","未关联","12","晚餐"
"2026年05月25日","支出","交通","未关联","0.9","小白"
"2026年05月25日","支出","餐饮","未关联","21.9","午餐"
"2026年05月25日","支出","购物","未关联","35.9","买牛奶"
"2026年05月25日","支出","餐饮","未关联","20.9","晚餐"
"2026年05月25日","支出","购物","未关联","29.9","买酸辣粉"
"2026年05月24日","收入","其它","未关联","2",""
"2026年05月24日","支出","餐饮","未关联","4","早餐"
"2026年05月24日","支出","餐饮","未关联","6","午餐"
"2026年05月24日","支出","餐饮","未关联","12","晚餐"
"2026年05月24日","支出","餐饮","未关联","5.5","晚餐"
"2026年05月24日","支出","交通","未关联","1","公交"
"2026年05月24日","支出","餐饮","未关联","13.48","奶茶"
"2026年05月23日","支出","餐饮","未关联","15","午餐"
"2026年05月23日","支出","日用","未关联","15","电费"
"2026年05月23日","支出","日用","未关联","25","理发"
"2026年05月23日","支出","餐饮","未关联","15.4","晚餐"
"2026年05月23日","支出","餐饮","未关联","5","冰棒"
"2026年05月22日","支出","交通","未关联","0.9",""
"2026年05月22日","支出","日用","未关联","0.6","打印"
"2026年05月22日","支出","餐饮","未关联","3","冰棒"
"2026年05月22日","支出","交通","未关联","36.44","打车"
"2026年05月22日","支出","餐饮","未关联","45","晚餐"
"2026年05月22日","支出","交通","未关联","16.28","打车"
"2026年05月22日","支出","交通","未关联","10.89","打车"
"2026年05月22日","支出","交通","未关联","6","地铁"
"2026年05月21日","支出","餐饮","未关联","2","早餐"
"2026年05月21日","支出","餐饮","未关联","12","午餐"
"2026年05月21日","支出","餐饮","未关联","24.6","晚餐"
"2026年05月20日","支出","餐饮","未关联","4","早餐"
"2026年05月20日","支出","餐饮","未关联","12","午餐"
"2026年05月20日","支出","餐饮","未关联","3","冰棒"
"2026年05月20日","支出","餐饮","未关联","16.1","奶茶"
"2026年05月20日","支出","餐饮","未关联","10.5","晚餐"
"2026年05月20日","收入","其它","未关联","2","好评"
"2026年05月19日","支出","餐饮","未关联","4","早餐"
"2026年05月19日","支出","餐饮","未关联","23.8","午餐"
"2026年05月19日","支出","餐饮","未关联","18.2","晚餐"
"2026年05月19日","支出","餐饮","未关联","7.9","水"
"2026年05月18日","支出","餐饮","未关联","12","午餐"
"2026年05月18日","收入","其它","未关联","1","好评"
"2026年05月18日","支出","餐饮","未关联","17.5","牛油果酸奶"
"2026年05月18日","收入","其它","未关联","5","共创"
"2026年05月18日","支出","餐饮","未关联","7","晚餐"
"2026年05月18日","支出","餐饮","未关联","9.9","夜宵"
"2026年05月17日","支出","餐饮","未关联","4","早餐"
"2026年05月17日","收入","其它","未关联","40","共创"
"2026年05月17日","支出","餐饮","未关联","9","午餐"
"2026年05月17日","支出","娱乐","未关联","4","冰棒"
"2026年05月17日","支出","餐饮","未关联","4","水"
"2026年05月17日","支出","餐饮","未关联","16","晚餐"
"2026年05月17日","支出","餐饮","未关联","16.5","晚餐"
"2026年05月16日","支出","餐饮","未关联","22.9","买笔记本支架"
"2026年05月16日","支出","餐饮","未关联","15","午餐"
"2026年05月16日","支出","购物","未关联","9.9","牙膏"
"2026年05月16日","支出","餐饮","未关联","78.9","晚餐"
"2026年05月16日","支出","交通","未关联","6.67","打车"
"2026年05月16日","收入","加后期","未关联","5",""
"2026年05月15日","支出","购物","未关联","68","买裤子"
"2026年05月15日","支出","餐饮","未关联","21.4","午餐"
"2026年05月15日","支出","购物","未关联","18","买衣服"
"2026年05月15日","支出","餐饮","未关联","4","晚餐"
"2026年05月15日","支出","餐饮","未关联","40","晚餐"
"2026年05月14日","支出","餐饮","未关联","9.9",""
"2026年05月14日","支出","餐饮","未关联","19","晚餐"
"2026年05月14日","支出","餐饮","未关联","8","晚餐"
"2026年05月13日","支出","餐饮","未关联","3","早餐"
"2026年05月13日","支出","餐饮","未关联","15.64","午餐"
"2026年05月13日","支出","餐饮","未关联","2","冰棒"
"2026年05月13日","收入","其它","未关联","3","好评"
"2026年05月13日","支出","餐饮","未关联","5.5","晚餐"
"2026年05月12日","支出","餐饮","未关联","2","早餐"
"2026年05月12日","支出","餐饮","未关联","12","午餐"
"2026年05月12日","支出","餐饮","未关联","23.4","晚餐"
"2026年05月11日","收入","其它","未关联","10",""
"2026年05月11日","支出","餐饮","未关联","12","午餐"
"2026年05月11日","支出","餐饮","未关联","12","晚餐"
"2026年05月10日","支出","餐饮","未关联","23.48","午餐"
"2026年05月10日","支出","餐饮","未关联","6","早餐"
"2026年05月10日","支出","餐饮","未关联","17","晚餐"
"2026年05月10日","支出","餐饮","未关联","12","晚餐"
"2026年05月10日","支出","日用","未关联","200","母亲节红包"
"2026年05月09日","支出","餐饮","未关联","6","早餐"
"2026年05月09日","支出","餐饮","未关联","11","午餐"
"2026年05月09日","收入","其它","未关联","35","共创"
"2026年05月09日","支出","购物","未关联","3.99","塑料支架"
"2026年05月09日","支出","餐饮","未关联","6","晚餐"
"2026年05月09日","支出","餐饮","未关联","10","晚餐"
"2026年05月09日","收入","素材群","未关联","35",""
"2026年05月08日","支出","餐饮","未关联","12","午餐"
"2026年05月08日","支出","日用","未关联","15","水费"
"2026年05月08日","支出","餐饮","未关联","9.9","晚餐"
"2026年05月07日","支出","餐饮","未关联","3.5","早餐"
"2026年05月07日","支出","餐饮","未关联","12","午餐"
"2026年05月07日","支出","餐饮","未关联","14","晚餐"
"2026年05月07日","支出","餐饮","未关联","6","晚餐"
"2026年05月06日","支出","餐饮","未关联","3.5","早餐"
"2026年05月06日","支出","餐饮","未关联","12","午餐"
"2026年05月06日","支出","餐饮","未关联","4","肠"
"2026年05月06日","支出","餐饮","未关联","5.1","旺仔牛奶"
"2026年05月06日","支出","餐饮","未关联","12.5","晚餐"
"2026年05月05日","支出","购物","未关联","59","充codex"
"2026年05月05日","支出","餐饮","未关联","18.8","午餐"
"2026年05月05日","收入","其它","未关联","3","好评"
"2026年05月05日","收入","其它","未关联","5",""
"2026年05月05日","支出","餐饮","未关联","6","晚餐"
"2026年05月05日","支出","餐饮","未关联","8","晚餐"
"2026年05月04日","支出","餐饮","未关联","20","午餐"
"2026年05月04日","收入","其它","未关联","15","找素材"
"2026年05月04日","收入","代剪","未关联","20",""
"2026年05月04日","支出","餐饮","未关联","4.7","水"
"2026年05月04日","支出","餐饮","未关联","18.9","晚餐"
"2026年05月03日","支出","餐饮","未关联","16.89","午餐"
"2026年05月03日","收入","代剪","未关联","25",""
"2026年05月03日","支出","购物","未关联","8","买claude"
"2026年05月03日","支出","餐饮","未关联","13.05","奶茶"
"2026年05月03日","收入","素材群","未关联","15",""
"2026年05月03日","支出","餐饮","未关联","18.6","晚餐"
"2026年05月03日","支出","购物","未关联","7","买赞"
"2026年05月02日","支出","餐饮","未关联","11","午餐"
"2026年05月02日","收入","其它","未关联","1.7","好评"
"2026年05月02日","支出","餐饮","未关联","5.5","午餐"
"2026年05月02日","收入","代剪","未关联","20",""
"2026年05月02日","支出","餐饮","未关联","11.72","晚餐"
"2026年05月01日","支出","购物","未关联","32.21","买伞"
"2026年05月01日","支出","餐饮","未关联","2","冰棒"
"2026年05月01日","支出","餐饮","未关联","10.5","午餐"
"2026年05月01日","收入","代剪","未关联","30",""
"2026年05月01日","支出","购物","未关联","32.5","充claude"
"2026年05月01日","支出","餐饮","未关联","16","晚餐"
"2026年05月01日","支出","购物","未关联","32.5","买claude"
"2026年04月30日","支出","餐饮","未关联","3.5","早餐"
"2026年04月30日","支出","餐饮","未关联","15.1","晚餐"
"2026年04月30日","收入","其它","未关联","35",""
"2026年04月30日","收入","素材群","未关联","15",""
"2026年04月30日","收入","代剪","未关联","20",""
"2026年04月29日","支出","餐饮","未关联","3.5","早餐"
"2026年04月29日","收入","素材群","未关联","25",""
"2026年04月29日","支出","餐饮","未关联","12","午餐"
"2026年04月29日","支出","餐饮","未关联","5.5","晚餐"
"2026年04月29日","支出","购物","未关联","5.6","买垃圾袋"
"2026年04月29日","支出","购物","未关联","25.9","买纸"
"2026年04月28日","支出","日用","未关联","0.9","打印"
"2026年04月28日","支出","购物","未关联","1.9","买一个月服务器"
"2026年04月28日","支出","餐饮","未关联","10.8",""
"2026年04月28日","支出","餐饮","未关联","6","水"
"2026年04月28日","支出","餐饮","未关联","13","晚餐"
"2026年04月28日","支出","交通","未关联","1","公交"
"2026年04月28日","收入","代剪","未关联","7",""
"2026年04月28日","收入","代剪","未关联","25",""
"2026年04月27日","支出","餐饮","未关联","12","午餐"
"2026年04月27日","支出","餐饮","未关联","15","晚餐"
"2026年04月27日","收入","其它","未关联","1.5","好评"
"2026年04月27日","支出","餐饮","未关联","8.5","夜宵"
"2026年04月27日","支出","餐饮","未关联","5.9","奶砖"
"2026年04月26日","支出","购物","未关联","5.5","刷播放"
"2026年04月26日","支出","餐饮","未关联","11","午餐"
"2026年04月26日","支出","购物","未关联","25.75","买gemini"
"2026年04月26日","支出","购物","未关联","19.5","买claude"
"2026年04月26日","收入","素材群","未关联","25",""
"2026年04月26日","支出","餐饮","未关联","13","晚餐"
"2026年04月26日","支出","餐饮","未关联","6","巧乐兹"
"2026年04月26日","收入","素材群","未关联","25",""
"2026年04月25日","收入","代剪","未关联","20",""
"2026年04月25日","支出","餐饮","未关联","19.25","午餐"
"2026年04月25日","支出","餐饮","未关联","13","晚餐"
"2026年04月25日","收入","代剪","未关联","20",""
"2026年04月25日","支出","购物","未关联","39.36","买衣服"
"2026年04月25日","支出","购物","未关联","5.5","退衣服邮费"
"2026年04月25日","收入","代剪","未关联","20",""
"2026年04月25日","收入","其它","未关联","5","调色"
"2026年04月25日","支出","日用","未关联","15","电费"
"2026年04月24日","支出","购物","未关联","39.05","买衣服"
"2026年04月24日","支出","餐饮","未关联","25.9","午餐"
"2026年04月24日","支出","购物","未关联","5.5","邮费"
"2026年04月24日","支出","餐饮","未关联","15","晚餐"
"2026年04月24日","支出","餐饮","未关联","6.9","晚餐"
"2026年04月24日","收入","素材群","未关联","25",""
"2026年04月24日","收入","其它","未关联","40","共创"
"2026年04月23日","支出","餐饮","未关联","4.5","早餐"
"2026年04月23日","支出","餐饮","未关联","12","午餐"
"2026年04月23日","支出","购物","未关联","4","买纸"
"2026年04月23日","支出","购物","未关联","9.8","耳机保护"
"2026年04月23日","支出","餐饮","未关联","22","晚餐"
"2026年04月22日","支出","餐饮","未关联","17.5","晚餐"
"2026年04月22日","支出","餐饮","未关联","15","午餐"
"2026年04月21日","支出","餐饮","未关联","4","早餐"
"2026年04月21日","支出","餐饮","未关联","12","午餐"
"2026年04月21日","支出","购物","未关联","39.9","买杯子"
"2026年04月21日","支出","购物","未关联","3.63","买ai"
"2026年04月20日","收入","其它","未关联","10",""
"2026年04月20日","支出","餐饮","未关联","12","午餐"
"2026年04月20日","支出","餐饮","未关联","4","水"
"2026年04月20日","收入","代剪","未关联","35",""
"2026年04月20日","支出","餐饮","未关联","10.5","晚餐"
"2026年04月20日","支出","餐饮","未关联","5","冰棒"
"2026年04月20日","收入","加后期","未关联","7",""
"2026年04月19日","收入","代剪","未关联","20",""
"2026年04月19日","支出","餐饮","未关联","26.8",""
"2026年04月19日","收入","代剪","未关联","3",""
"2026年04月19日","支出","餐饮","未关联","2","水"
"2026年04月19日","支出","餐饮","未关联","16","酸奶"
"2026年04月19日","支出","交通","未关联","13",""
"2026年04月19日","支出","餐饮","未关联","34","晚餐炸鸡"
"2026年04月19日","收入","其它","未关联","5","好评"
"2026年04月18日","支出","餐饮","未关联","16.94","午餐"
"2026年04月18日","支出","餐饮","未关联","17.89","晚餐"
"2026年04月18日","支出","餐饮","未关联","13.5","夜宵"
"2026年04月18日","支出","购物","未关联","35.72","买早餐面包"
"2026年04月17日","支出","餐饮","未关联","4","早餐"
"2026年04月17日","收入","代剪","未关联","27",""
"2026年04月17日","支出","餐饮","未关联","12","午餐"
"2026年04月17日","支出","餐饮","未关联","16.6","奶茶"
"2026年04月17日","收入","代剪","未关联","2",""
"2026年04月16日","支出","餐饮","未关联","4","早餐"
"2026年04月16日","支出","餐饮","未关联","10.9","奶茶"
"2026年04月16日","支出","餐饮","未关联","11.4","晚餐"
"2026年04月16日","支出","日用","未关联","3.2","洗衣机"
"2026年04月16日","收入","代剪","未关联","50",""
"2026年04月16日","收入","其它","未关联","5",""
"2026年04月15日","支出","餐饮","未关联","2.5","早餐"
"2026年04月15日","支出","购物","未关联","19.5","买claude"
"2026年04月15日","支出","购物","未关联","19.5","买claude"
"2026年04月15日","支出","餐饮","未关联","10.5","午餐"
"2026年04月15日","支出","餐饮","未关联","12","晚餐"
"2026年04月15日","收入","素材群","未关联","15",""
"2026年04月14日","支出","餐饮","未关联","17.59","午餐"
"2026年04月14日","支出","餐饮","未关联","3.5","早餐"
"2026年04月14日","支出","餐饮","未关联","4.5","水"
"2026年04月14日","支出","餐饮","未关联","10.5","晚餐"
"2026年04月13日","支出","餐饮","未关联","4.5","买水"
"2026年04月13日","支出","餐饮","未关联","11","午餐"
"2026年04月13日","支出","餐饮","未关联","14","晚餐"
"2026年04月12日","收入","代剪","未关联","27",""
"2026年04月12日","支出","餐饮","未关联","4","早餐"
"2026年04月12日","支出","餐饮","未关联","15","午餐"
"2026年04月12日","支出","餐饮","未关联","9.4","奶茶"
"2026年04月12日","支出","餐饮","未关联","17.26","晚餐"
"2026年04月11日","支出","餐饮","未关联","6.5","早餐"
"2026年04月11日","收入","代剪","未关联","18",""
"2026年04月11日","支出","餐饮","未关联","11","午餐"
"2026年04月11日","支出","餐饮","未关联","12.29","晚餐"
"2026年04月11日","收入","代剪","未关联","28",""
"2026年04月10日","支出","餐饮","未关联","4","早餐"
"2026年04月10日","支出","餐饮","未关联","13","午餐"
"2026年04月10日","支出","日用","未关联","3","洗衣机"
"2026年04月10日","支出","餐饮","未关联","6","水"
"2026年04月10日","收入","其它","未关联","7",""
"2026年04月10日","支出","餐饮","未关联","10.9","晚餐"
"2026年04月10日","收入","代剪","未关联","25",""
"2026年04月09日","支出","餐饮","未关联","4","早餐"
"2026年04月09日","收入","其它","未关联","99.93","go卖饰品"
"2026年04月09日","支出","餐饮","未关联","11","午餐"
"2026年04月09日","支出","购物","未关联","29.9","买衣服"
"2026年04月09日","支出","餐饮","未关联","13.7","晚餐"
"2026年04月09日","支出","餐饮","未关联","6","水"
"2026年04月09日","支出","餐饮","未关联","5","晚餐"
"2026年04月09日","支出","购物","未关联","42.8","买cursor"
"2026年04月08日","支出","餐饮","未关联","4","早餐"
"2026年04月08日","支出","购物","未关联","3","买deepseek api"
"2026年04月08日","支出","餐饮","未关联","14.2","午餐"
"2026年04月08日","支出","餐饮","未关联","6","水"
"2026年04月08日","支出","餐饮","未关联","4","晚餐"
"2026年04月08日","支出","餐饮","未关联","12","晚餐"
"2026年04月07日","支出","旅行","未关联","114.52","清明汇总"
"2026年04月07日","支出","购物","未关联","17.8","买cursor"
"2026年04月07日","收入","其它","未关联","20","共创"
"2026年04月07日","支出","餐饮","未关联","22","晚餐"
"2026年04月07日","收入","素材群","未关联","25",""
"2026年04月06日","支出","购物","未关联","34.9","买优酸乳"
"2026年04月06日","支出","餐饮","未关联","4","早餐"
"2026年04月06日","支出","餐饮","未关联","3","买水"
"2026年04月06日","支出","餐饮","未关联","13","午餐"
"2026年04月06日","支出","餐饮","未关联","1.5","买水"
"2026年04月06日","支出","餐饮","未关联","16","晚餐"
"2026年04月05日","收入","素材群","未关联","10",""
"2026年04月05日","支出","购物","未关联","6","买水"
"2026年04月05日","支出","餐饮","未关联","18.9","午餐"
"2026年04月04日","收入","素材群","未关联","15",""
"2026年04月03日","支出","餐饮","未关联","4","早餐"
"2026年04月03日","支出","餐饮","未关联","14.3","午餐"
"2026年04月02日","支出","餐饮","未关联","4.5","早餐"
"2026年04月02日","支出","餐饮","未关联","11","午餐"
"2026年04月02日","支出","购物","未关联","25","买了项目"
"2026年04月02日","支出","餐饮","未关联","9","晚餐"
"2026年04月01日","支出","餐饮","未关联","4","早餐"
"2026年04月01日","支出","餐饮","未关联","17.7","午餐"
"2026年04月01日","支出","日用","未关联","11.1","水费"
"2026年04月01日","支出","餐饮","未关联","10","水"
"2026年04月01日","支出","餐饮","未关联","8","晚餐"
"2026年04月01日","支出","餐饮","未关联","14","晚餐"
"2026年03月31日","支出","餐饮","未关联","4","早餐"
"2026年03月31日","支出","餐饮","未关联","15.9","午餐"
"2026年03月31日","支出","购物","未关联","12.85","买手机壳"
"2026年03月31日","支出","餐饮","未关联","15.88","晚餐"
"2026年03月31日","支出","餐饮","未关联","8","晚餐"
"2026年03月31日","收入","代剪","未关联","28",""
"2026年03月31日","收入","代剪","未关联","7",""
"2026年03月30日","收入","其它","未关联","10",""
"2026年03月30日","支出","餐饮","未关联","6","水"
"2026年03月30日","支出","餐饮","未关联","14.4","晚餐"
"2026年03月30日","支出","日用","未关联","15","电费"
"2026年03月29日","支出","餐饮","未关联","10.7","午餐"
"2026年03月29日","支出","餐饮","未关联","4.7","水"
"2026年03月29日","支出","餐饮","未关联","12","混沌"
"2026年03月29日","支出","餐饮","未关联","9","晚餐"
"2026年03月29日","收入","其它","未关联","5",""
"2026年03月29日","收入","代剪","未关联","28",""
"2026年03月29日","收入","素材群","未关联","25",""
"2026年03月28日","支出","交通","未关联","80","车票"
"2026年03月28日","支出","餐饮","未关联","9.9","水"
"2026年03月28日","支出","交通","未关联","80","车票"
"2026年03月28日","支出","旅行","未关联","113","住房"
"2026年03月28日","支出","餐饮","未关联","11.5","晚餐"
"2026年03月28日","收入","其它","未关联","3",""
"2026年03月28日","支出","餐饮","未关联","4","早餐"
"2026年03月27日","支出","餐饮","未关联","4","早餐"
"2026年03月27日","支出","餐饮","未关联","16","午餐"
"2026年03月27日","支出","餐饮","未关联","12","晚餐"
"2026年03月26日","支出","日用","未关联","18","充瓦手"
"2026年03月26日","支出","餐饮","未关联","8","午餐"
"2026年03月26日","支出","餐饮","未关联","15","奶茶"
"2026年03月26日","支出","餐饮","未关联","83",""
"2026年03月26日","支出","餐饮","未关联","3.5","酸奶"
"2026年03月26日","支出","购物","未关联","23","买帽子"
"2026年03月25日","支出","餐饮","未关联","2","早餐"
"2026年03月25日","支出","餐饮","未关联","12","午餐"
"2026年03月25日","支出","餐饮","未关联","4","水"
"2026年03月25日","支出","餐饮","未关联","9","晚餐"
"2026年03月25日","支出","餐饮","未关联","8","晚餐"
"2026年03月25日","支出","购物","未关联","24","眼罩"
"2026年03月25日","支出","购物","未关联","86.9","买衣服"
"2026年03月25日","支出","购物","未关联","21.95","买衣服"
"2026年03月24日","支出","餐饮","未关联","16.26",""
"2026年03月24日","支出","餐饮","未关联","12","晚餐"
"2026年03月23日","支出","日用","未关联","2.6","刷赞播放"
"2026年03月23日","支出","餐饮","未关联","4.5","早餐"
"2026年03月23日","支出","购物","未关联","154","米诺地尔"
"2026年03月23日","收入","其它","未关联","10","续火花"
"2026年03月23日","支出","餐饮","未关联","15.25","午餐"
"2026年03月23日","支出","餐饮","未关联","4.5","水"
"2026年03月23日","支出","日用","未关联","5.5","刷播放"
"2026年03月23日","收入","代剪","未关联","40",""
"2026年03月23日","支出","餐饮","未关联","3","晚餐"
"2026年03月23日","支出","餐饮","未关联","8","晚餐"
"2026年03月23日","收入","其它","未关联","10",""
"2026年03月23日","收入","代剪","未关联","30",""
"2026年03月22日","支出","餐饮","未关联","2","早餐"
"2026年03月22日","支出","餐饮","未关联","14","午餐"
"2026年03月22日","支出","餐饮","未关联","4.5","买水"
"2026年03月22日","支出","娱乐","未关联","0.57","刷播放3k"
"2026年03月22日","支出","餐饮","未关联","31","蛋糕加晚餐"
"2026年03月21日","支出","日用","未关联","45","话费"
"2026年03月21日","支出","餐饮","未关联","4","早餐"
"2026年03月21日","收入","代剪","未关联","25",""
"2026年03月21日","支出","餐饮","未关联","12.5","午餐"
"2026年03月21日","支出","餐饮","未关联","15.5","晚餐"
"2026年03月21日","收入","其它","未关联","5",""
"2026年03月21日","收入","其它","未关联","3",""
"2026年03月20日","收入","其它","未关联","6.55","好评"
"2026年03月20日","支出","餐饮","未关联","3.5","早餐"
"2026年03月20日","支出","餐饮","未关联","15","午餐"
"2026年03月20日","支出","购物","未关联","39.5","脱毛膏"
"2026年03月20日","支出","餐饮","未关联","13","奶茶"
"2026年03月20日","支出","餐饮","未关联","15","晚餐"
"2026年03月19日","支出","餐饮","未关联","4.5","早餐"
"2026年03月19日","支出","购物","未关联","30","买药膏"
"2026年03月19日","支出","餐饮","未关联","20.7","午餐"
"2026年03月19日","支出","购物","未关联","2.62","凳子静音"
"2026年03月19日","收入","其它","未关联","3",""
"2026年03月19日","支出","餐饮","未关联","14","晚餐"
"2026年03月19日","支出","餐饮","未关联","8","面包"
"2026年03月19日","支出","日用","未关联","3","洗衣机"
"2026年03月18日","支出","餐饮","未关联","4","早餐"
"2026年03月18日","支出","餐饮","未关联","14.5","午餐"
"2026年03月18日","收入","其它","未关联","15","代打通行证"
"2026年03月17日","支出","餐饮","未关联","3.99","奶茶"
"2026年03月17日","支出","餐饮","未关联","20.8","晚餐"
"2026年03月16日","收入","其它","未关联","10",""
"2026年03月16日","支出","购物","未关联","20","书费形势与政策"
"2026年03月16日","支出","餐饮","未关联","15",""
"2026年03月16日","支出","餐饮","未关联","14",""
"2026年03月16日","支出","餐饮","未关联","9.9",""
"2026年03月15日","支出","购物","未关联","0.32",""
"2026年03月15日","支出","餐饮","未关联","7","早餐"
"2026年03月15日","支出","餐饮","未关联","15.9","午餐"
"2026年03月15日","支出","购物","未关联","4.39","增高垫"
"2026年03月15日","支出","交通","未关联","3","共享电动车"
"2026年03月14日","支出","餐饮","未关联","7","早餐"
"2026年03月14日","支出","餐饮","未关联","15.5",""
"2026年03月13日","支出","餐饮","未关联","4","早餐"
"2026年03月13日","支出","餐饮","未关联","14.3","午餐"
"2026年03月13日","支出","餐饮","未关联","14","晚餐"
"2026年03月13日","收入","其它","未关联","3",""
"2026年03月13日","支出","购物","未关联","4.28","蒸汽眼罩"
"2026年03月13日","支出","购物","未关联","31","买凉席"
"2026年03月12日","支出","餐饮","未关联","2","早餐"
"2026年03月12日","支出","餐饮","未关联","4.5",""
"2026年03月12日","支出","餐饮","未关联","15","晚餐"
"2026年03月12日","收入","代剪","未关联","25",""
"2026年03月12日","支出","购物","未关联","35.9","维维豆奶"
"2026年03月11日","支出","餐饮","未关联","4","早餐"
"2026年03月11日","支出","餐饮","未关联","14.5",""
"2026年03月11日","支出","餐饮","未关联","13","咖啡"
"2026年03月11日","支出","餐饮","未关联","14",""
"2026年03月10日","支出","餐饮","未关联","7","早餐"
"2026年03月10日","支出","餐饮","未关联","9","午餐"
"2026年03月10日","支出","餐饮","未关联","14",""
"2026年03月10日","支出","餐饮","未关联","3","夜宵"
"2026年03月10日","支出","日用","未关联","3.2","洗衣机"
"2026年03月09日","支出","餐饮","未关联","2.5","早餐"
"2026年03月09日","支出","购物","未关联","0.3","打印"
"2026年03月09日","支出","餐饮","未关联","19","午餐"
"2026年03月09日","支出","日用","未关联","15.9","水费"
"2026年03月09日","支出","餐饮","未关联","15",""
"2026年03月09日","支出","餐饮","未关联","9.9","水"
"2026年03月08日","收入","代剪","未关联","20",""
"2026年03月08日","支出","餐饮","未关联","11",""
"2026年03月08日","收入","代剪","未关联","35",""
"2026年03月08日","支出","购物","未关联","41.9","买书"
"2026年03月08日","支出","餐饮","未关联","13.5",""
"2026年03月08日","收入","工资","未关联","7",""
"2026年03月08日","收入","工资","未关联","3",""
"2026年03月08日","收入","代剪","未关联","25",""
"2026年03月08日","收入","代剪","未关联","20",""
"2026年03月07日","支出","餐饮","未关联","15","华莱士"
"2026年03月07日","支出","购物","未关联","4",""
"2026年03月06日","支出","购物","未关联","15","买vpn"
"2026年03月05日","支出","购物","未关联","23.55","下雨鞋套"
"2026年03月05日","支出","购物","未关联","13.9","鞋子清洁剂"
"2026年03月05日","支出","购物","未关联","2948","买轻薄笔记本"
"2026年03月05日","支出","购物","未关联","9",""
"2026年03月05日","收入","代剪","未关联","10",""
"2026年03月05日","支出","购物","未关联","51.58","买零食"
"2026年03月04日","收入","其它","未关联","10",""
"2026年03月03日","支出","购物","未关联","31","面包奶茶"
"2026年03月02日","支出","餐饮","未关联","16","奶茶"
"2026年03月02日","支出","购物","未关联","20","买酱油"
"2026年03月02日","支出","购物","未关联","19",""
"2026年03月01日","收入","代剪","未关联","25",""
"2026年02月28日","收入","代剪","未关联","15",""
"2026年02月28日","收入","代剪","未关联","3",""
"2026年02月26日","收入","代剪","未关联","47",""
"2026年02月26日","收入","代剪","未关联","12",""
"2026年02月26日","支出","日用","未关联","18","手瓦买皮肤"
"2026年02月26日","收入","代剪","未关联","15",""
"2026年02月26日","支出","购物","未关联","40","衣服"
"2026年02月25日","支出","购物","未关联","236","衣服裤子"
"2026年02月25日","收入","代剪","未关联","40",""
"2026年02月24日","收入","代剪","未关联","15",""
"2026年02月24日","收入","代剪","未关联","15",""
"2026年02月23日","收入","其它","未关联","40","共创"
"2026年02月22日","收入","素材群","未关联","8",""
"2026年02月22日","收入","素材群","未关联","8",""
"2026年02月22日","收入","代剪","未关联","20",""
"2026年02月22日","收入","代剪","未关联","25",""
"2026年02月22日","收入","其它","未关联","10","卖素材"
"2026年02月19日","收入","代剪","未关联","20",""
"2026年02月19日","支出","购物","未关联","20","贴膜"
"2026年02月17日","收入","代剪","未关联","25",""
"2026年02月17日","收入","素材群","未关联","20",""
"2026年02月16日","收入","代剪","未关联","15",""
"2026年02月15日","收入","代剪","未关联","35",""
"2026年02月14日","支出","餐饮","未关联","14","奶茶"
"2026年02月14日","收入","其它","未关联","3",""
"2026年02月13日","支出","购物","未关联","248","充永劫"
"2026年02月13日","收入","其它","未关联","40","共创"
"2026年02月13日","收入","其它","未关联","16.8",""
"2026年02月12日","收入","代剪","未关联","20",""
"2026年02月10日","支出","日用","未关联","10","话费"
"2026年02月10日","收入","其它","未关联","42","代调"
"2026年02月10日","收入","其它","未关联","25",""
"2026年02月09日","支出","购物","未关联","269","买鞋"
"2026年02月09日","支出","购物","未关联","12.88","oppo充电线保护器"
"2026年02月09日","支出","购物","未关联","10.99","手机膜"
"2026年02月05日","支出","日用","未关联","99","话费"
"2026年02月05日","支出","购物","未关联","3.5","买水"
"2026年02月05日","支出","餐饮","未关联","20.74","夜宵"
"2026年02月05日","收入","素材群","未关联","20","素材"
"2026年02月02日","支出","购物","未关联","49",""
"2026年02月02日","收入","代剪","未关联","25",""
"2026年02月01日","收入","代剪","未关联","15",""
"2026年02月01日","支出","购物","未关联","65.1","oppo充电器"
"2026年02月01日","支出","购物","未关联","16.24","手机壳"
"2026年01月31日","收入","素材群","未关联","20",""
"2026年01月29日","收入","代剪","未关联","25",""
"2026年01月29日","收入","代剪","未关联","10",""
"2026年01月29日","支出","购物","未关联","3799","买手机"
"2026年01月28日","收入","代剪","未关联","12",""
"2026年01月28日","收入","素材群","未关联","10",""
"2026年01月27日","收入","代剪","未关联","25",""
"2026年01月26日","支出","购物","未关联","45.5",""
"2026年01月26日","支出","餐饮","未关联","13.9","奶茶"
"2026年01月26日","收入","代剪","未关联","25",""
"2026年01月25日","收入","代剪","未关联","8",""
"2026年01月25日","收入","代剪","未关联","10",""
"2026年01月25日","收入","代剪","未关联","20",""
"2026年01月24日","收入","素材群","未关联","10",""
"2026年01月23日","支出","购物","未关联","31","买泡面"
"2026年01月23日","收入","代剪","未关联","25",""
"2026年01月23日","收入","素材群","未关联","50",""
"2026年01月22日","支出","餐饮","未关联","10.5","买零食"
"2026年01月22日","支出","餐饮","未关联","24.5","午餐"
"2026年01月22日","支出","购物","未关联","120","殷紫萍皮肤"
"2026年01月22日","支出","餐饮","未关联","4","早餐"
"2026年01月21日","收入","代剪","未关联","20",""
"2026年01月21日","支出","餐饮","未关联","8","晚餐"
"2026年01月21日","支出","餐饮","未关联","7.5","晚餐"
"2026年01月21日","支出","日用","未关联","1.4","打印"
"2026年01月21日","支出","餐饮","未关联","4.5",""
"2026年01月21日","支出","餐饮","未关联","7",""
"2026年01月20日","收入","代剪","未关联","20",""
"2026年01月20日","收入","其它","未关联","5",""
"2026年01月20日","收入","素材群","未关联","25",""
"2026年01月20日","支出","餐饮","未关联","11",""
"2026年01月20日","支出","交通","未关联","13.36",""
"2026年01月20日","支出","医疗","未关联","130",""
"2026年01月20日","支出","交通","未关联","13",""
"2026年01月19日","支出","交通","未关联","8",""
"2026年01月19日","支出","餐饮","未关联","16","印度飞饼"
"2026年01月19日","支出","餐饮","未关联","69",""
"2026年01月19日","支出","购物","未关联","3.5","买纸"
"2026年01月19日","支出","餐饮","未关联","11","午餐"
"2026年01月19日","收入","素材群","未关联","25",""
"2026年01月19日","收入","代剪","未关联","25",""
"2026年01月19日","收入","其它","未关联","5",""
"2026年01月19日","收入","其它","未关联","10",""
"2026年01月18日","收入","其它","未关联","40",""
"2026年01月18日","支出","餐饮","未关联","9.5","晚餐"
"2026年01月17日","支出","购物","未关联","32.28","买零食"
"2026年01月17日","支出","交通","未关联","1","公交"
"2026年01月17日","支出","餐饮","未关联","17",""
"2026年01月17日","收入","代剪","未关联","10",""
"2026年01月17日","支出","购物","未关联","13.9",""
"2026年01月17日","收入","代剪","未关联","20",""
"2026年01月17日","收入","代剪","未关联","20",""
"2026年01月17日","支出","餐饮","未关联","18.1","午餐"
"2026年01月16日","支出","餐饮","未关联","11.8","奶茶"
"2026年01月16日","支出","餐饮","未关联","15.8","晚餐"
"2026年01月16日","支出","餐饮","未关联","4","水"
"2026年01月16日","支出","餐饮","未关联","15.5","午餐"
"2026年01月16日","支出","餐饮","未关联","4","早餐"
"2026年01月15日","支出","日用","未关联","15","电费"
"2026年01月15日","支出","餐饮","未关联","13","晚餐"
"2026年01月15日","支出","购物","未关联","25.5","买袜子"
"2026年01月15日","支出","餐饮","未关联","15","午餐"
"2026年01月15日","支出","餐饮","未关联","4","早餐"
"2026年01月14日","支出","餐饮","未关联","19.9","晚餐"
"2026年01月14日","支出","餐饮","未关联","7","水"
"2026年01月14日","支出","日用","未关联","1.8","打印"
"2026年01月14日","支出","餐饮","未关联","14","晚餐"
"2026年01月14日","支出","餐饮","未关联","6",""
"2026年01月13日","支出","餐饮","未关联","15","晚餐"
"2026年01月13日","支出","日用","未关联","6.6","买课设"
"2026年01月13日","收入","代剪","未关联","20",""
"2026年01月13日","支出","餐饮","未关联","14",""
"2026年01月13日","支出","餐饮","未关联","4",""
"2026年01月12日","支出","日用","未关联","100","理发卡"
"2026年01月12日","支出","餐饮","未关联","15",""
"2026年01月12日","支出","餐饮","未关联","10.5","午餐"
"2026年01月12日","支出","餐饮","未关联","3.5","早餐"
"2026年01月11日","支出","餐饮","未关联","15.7","晚餐"
"2026年01月11日","支出","餐饮","未关联","16.5","奶茶"
"2026年01月11日","支出","餐饮","未关联","17","午餐"
"2026年01月10日","收入","代剪","未关联","25",""
"2026年01月10日","支出","餐饮","未关联","18","晚餐"
"2026年01月10日","支出","日用","未关联","0.5","刷赞"
"2026年01月10日","收入","代剪","未关联","18",""
"2026年01月10日","支出","餐饮","未关联","13.1",""
"2026年01月10日","收入","代剪","未关联","30",""
"2026年01月09日","支出","日用","未关联","21","水费"
"2026年01月09日","支出","日用","未关联","5.2","洗衣机"
"2026年01月09日","支出","餐饮","未关联","17","晚餐"
"2026年01月09日","支出","餐饮","未关联","16","奶茶"
"2026年01月09日","支出","餐饮","未关联","11",""
"2026年01月09日","支出","购物","未关联","7.9","买书"
"2026年01月08日","支出","餐饮","未关联","13.5","晚餐"
"2026年01月08日","支出","餐饮","未关联","4","肠"
"2026年01月08日","支出","餐饮","未关联","11.3","午餐"
"2026年01月07日","支出","购物","未关联","25.94","手套买"
"2026年01月07日","支出","餐饮","未关联","11.6",""
"2026年01月07日","支出","餐饮","未关联","12.9","午餐"
"2026年01月06日","支出","餐饮","未关联","5","鸡腿"
"2026年01月06日","支出","餐饮","未关联","4","肠"
"2026年01月06日","支出","日用","未关联","3.2","洗衣机"
"2026年01月06日","支出","餐饮","未关联","13","午餐"
"2026年01月05日","支出","餐饮","未关联","15",""
"2026年01月05日","支出","餐饮","未关联","5","水"
"2026年01月05日","支出","餐饮","未关联","11","午餐"
"2026年01月05日","支出","餐饮","未关联","2","早餐"
"2026年01月04日","收入","素材群","未关联","25",""
"2026年01月04日","支出","餐饮","未关联","5","夜宵"
"2026年01月04日","支出","餐饮","未关联","15","晚餐"
"2026年01月04日","支出","购物","未关联","19.9","买面包"
"2026年01月04日","支出","餐饮","未关联","14","午餐"
"2026年01月04日","支出","日用","未关联","2.9","打印"
"2026年01月04日","收入","其它","未关联","10",""
"2026年01月04日","支出","餐饮","未关联","4","早餐"
"2026年01月03日","支出","购物","未关联","87.9","购物买裤子"
"2026年01月03日","支出","餐饮","未关联","12","夜宵四果汤"
"2026年01月03日","支出","餐饮","未关联","15","晚餐"
"2026年01月03日","收入","代剪","未关联","10",""
"2026年01月03日","支出","购物","未关联","84.6","买文具（待报销）"
"2026年01月03日","支出","餐饮","未关联","10.1",""
"2026年01月02日","支出","餐饮","未关联","3.5","肠"
"2026年01月02日","支出","餐饮","未关联","12",""
"2026年01月02日","收入","代剪","未关联","20",""
"2026年01月02日","支出","餐饮","未关联","15.6","午餐"
"2026年01月01日","支出","餐饮","未关联","7.5","晚餐"
"2026年01月01日","支出","餐饮","未关联","2","水"
"2026年01月01日","收入","代剪","未关联","13.14",""
"2026年01月01日","收入","素材群","未关联","25",""
"2026年01月01日","支出","餐饮","未关联","18","午餐"
"2025年12月31日","收入","素材群","未关联","25",""
"2025年12月31日","支出","餐饮","未关联","19.1","晚餐"
"2025年12月31日","收入","代剪","未关联","15",""
"2025年12月31日","收入","代剪","未关联","50",""
"2025年12月31日","支出","餐饮","未关联","23.8","午餐"
"2025年12月30日","支出","购物","未关联","6","买皮肤"
"2025年12月30日","支出","餐饮","未关联","14.9","奶茶"
"2025年12月30日","支出","日用","未关联","18","买皮肤"
"2025年12月30日","支出","餐饮","未关联","11",""
"2025年12月29日","支出","餐饮","未关联","17.5",""
"2025年12月29日","支出","日用","未关联","10","电费"
"2025年12月29日","支出","餐饮","未关联","2.99","绿茶"
"2025年12月29日","支出","餐饮","未关联","11.3","午餐"
"2025年12月28日","支出","餐饮","未关联","2.5","晚餐"
"2025年12月28日","支出","餐饮","未关联","10",""
"2025年12月28日","支出","餐饮","未关联","3.09","奶茶"
"2025年12月28日","支出","购物","未关联","15.3","买早餐喝的"
"2025年12月28日","支出","日用","未关联","27","买纸巾"
"2025年12月28日","支出","餐饮","未关联","11.4","午餐"
"2025年12月27日","支出","餐饮","未关联","18.5",""
"2025年12月27日","支出","餐饮","未关联","1","?"
"2025年12月27日","支出","餐饮","未关联","17","午餐"
"2025年12月27日","收入","代剪","未关联","20",""
"2025年12月26日","支出","交通","未关联","5.96","车费"
"2025年12月26日","支出","餐饮","未关联","16.7","早餐"
"2025年12月25日","支出","餐饮","未关联","4.5",""
"2025年12月25日","支出","餐饮","未关联","19.7","晚餐"
"2025年12月25日","支出","购物","未关联","5.2","买洗鞋的"
"2025年12月25日","支出","餐饮","未关联","14",""
"2025年12月25日","收入","代剪","未关联","35",""
"2025年12月24日","支出","餐饮","未关联","9.2","晚餐"
"2025年12月24日","支出","餐饮","未关联","17","奶茶"
"2025年12月24日","支出","餐饮","未关联","12.1","午餐"
"2025年12月23日","支出","餐饮","未关联","16.7","晚餐"
"2025年12月23日","支出","餐饮","未关联","13.8",""
"2025年12月23日","支出","餐饮","未关联","2","早餐"
"2025年12月22日","支出","餐饮","未关联","2.5","夜宵"
"2025年12月22日","支出","餐饮","未关联","15","晚餐"
"2025年12月22日","支出","购物","未关联","5.8","买垃圾袋"
"2025年12月22日","支出","餐饮","未关联","8.8",""
"2025年12月22日","收入","其它","未关联","10",""
"2025年12月22日","支出","餐饮","未关联","4","早餐"
"2025年12月21日","支出","餐饮","未关联","16.5","奶茶"
"2025年12月21日","支出","餐饮","未关联","18","晚餐"
"2025年12月21日","支出","餐饮","未关联","15","午餐"
"2025年12月21日","支出","购物","未关联","30","眼霜"
"2025年12月20日","支出","餐饮","未关联","9.9",""
"2025年12月20日","支出","餐饮","未关联","6.5",""
"2025年12月20日","支出","餐饮","未关联","14","晚餐"
"2025年12月20日","支出","餐饮","未关联","15.9","午餐"
"2025年12月19日","支出","购物","未关联","3","黑笔"
"2025年12月19日","支出","餐饮","未关联","9.9","咖啡"
"2025年12月19日","支出","餐饮","未关联","14","晚餐"
"2025年12月19日","支出","餐饮","未关联","9.9","午餐"
"2025年12月19日","支出","餐饮","未关联","3","买水"
"2025年12月19日","支出","餐饮","未关联","1.74","早餐"
"2025年12月18日","支出","餐饮","未关联","15.68",""
"2025年12月18日","收入","其它","未关联","10","租号"
"2025年12月18日","支出","餐饮","未关联","17","午餐"
"2025年12月18日","支出","餐饮","未关联","3.5","茶派"
"2025年12月18日","支出","餐饮","未关联","4","早餐"
"2025年12月17日","支出","餐饮","未关联","15.5","晚餐"
"2025年12月17日","收入","素材群","未关联","25",""
"2025年12月17日","支出","餐饮","未关联","24.49","午餐"
"2025年12月17日","支出","餐饮","未关联","2","早餐"
"2025年12月17日","收入","素材群","未关联","5",""
"2025年12月17日","支出","购物","未关联","47.5","外套"
"2025年12月16日","支出","日用","未关联","3.3","洗衣机"
"2025年12月16日","支出","餐饮","未关联","2","水"
"2025年12月16日","支出","餐饮","未关联","15","晚餐"
"2025年12月16日","支出","餐饮","未关联","12","午餐"
"2025年12月16日","支出","餐饮","未关联","3.5","早餐"
"2025年12月15日","支出","餐饮","未关联","7.5","夜宵手抓饼"
"2025年12月15日","支出","餐饮","未关联","14","晚餐"
"2025年12月15日","支出","日用","未关联","0.2",""
"2025年12月15日","支出","餐饮","未关联","14","午餐"
"2025年12月15日","支出","日用","未关联","1","纸"
"2025年12月15日","支出","日用","未关联","50",""
"2025年12月15日","收入","素材群","未关联","25",""
"2025年12月14日","支出","餐饮","未关联","15","炖奶"
"2025年12月14日","收入","其它","未关联","10",""
"2025年12月14日","支出","餐饮","未关联","15","午餐"
"2025年12月13日","收入","代剪","未关联","20",""
"2025年12月13日","支出","餐饮","未关联","12","晚餐"
"2025年12月13日","支出","日用","未关联","3.8","打印"
"2025年12月13日","支出","餐饮","未关联","9.9","咖啡"
"2025年12月13日","支出","餐饮","未关联","16.5","午餐"
"2025年12月12日","收入","代剪","未关联","20",""
"2025年12月12日","支出","餐饮","未关联","4.5","营养快线"
"2025年12月12日","支出","餐饮","未关联","5.5",""
"2025年12月12日","支出","餐饮","未关联","10","晚餐"
"2025年12月12日","支出","餐饮","未关联","24","午餐"
"2025年12月12日","支出","餐饮","未关联","4","早餐"
"2025年12月11日","支出","餐饮","未关联","11.9","晚餐"
"2025年12月11日","支出","餐饮","未关联","17.5","晚餐"
"2025年12月11日","支出","购物","未关联","8.94","买草稿纸"
"2025年12月11日","支出","餐饮","未关联","15",""
"2025年12月11日","支出","购物","未关联","5.9",""
"2025年12月11日","支出","餐饮","未关联","3.5","早餐"
"2025年12月10日","支出","日用","未关联","3","洗衣机"
"2025年12月10日","支出","餐饮","未关联","12.78","炖奶"
"2025年12月10日","支出","餐饮","未关联","3.5","早餐"
"2025年12月09日","支出","餐饮","未关联","15","晚餐"
"2025年12月09日","支出","日用","未关联","10","电费"
"2025年12月09日","支出","餐饮","未关联","9.9","午餐"
"2025年12月09日","支出","餐饮","未关联","15","午餐"
"2025年12月09日","支出","购物","未关联","7.41","Pdd购物"
"2025年12月09日","支出","餐饮","未关联","7.5","水"
"2025年12月09日","支出","交通","未关联","10.23",""
"2025年12月09日","支出","交通","未关联","13.45","车费"
"2025年12月09日","支出","医疗","未关联","141.57",""
"2025年12月08日","支出","餐饮","未关联","5","鸡排"
"2025年12月08日","支出","餐饮","未关联","17.5","晚餐"
"2025年12月08日","支出","餐饮","未关联","4","早餐"
"2025年12月08日","支出","餐饮","未关联","10.8","午餐"
"2025年12月07日","收入","代剪","未关联","35",""
"2025年12月07日","支出","餐饮","未关联","2.5","买肠"
"2025年12月07日","支出","餐饮","未关联","21.9","晚餐"
"2025年12月07日","支出","日用","未关联","0.2","打印"
"2025年12月07日","支出","餐饮","未关联","17","奶茶"
"2025年12月07日","收入","代剪","未关联","15",""
"2025年12月07日","支出","餐饮","未关联","14.16","午餐"
"2025年12月06日","支出","交通","未关联","1","公交"
"2025年12月06日","支出","餐饮","未关联","5.5","面包"
"2025年12月06日","支出","交通","未关联","1","公交"
"2025年12月06日","支出","餐饮","未关联","12",""
"2025年12月06日","收入","其它","未关联","10",""
"2025年12月06日","收入","代剪","未关联","25",""
"2025年12月06日","支出","餐饮","未关联","24.3",""
"2025年12月05日","支出","餐饮","未关联","13","奶茶"
"2025年12月05日","支出","餐饮","未关联","21","午餐"
"2025年12月05日","支出","餐饮","未关联","4",""
"2025年12月04日","支出","餐饮","未关联","10","晚餐"
"2025年12月04日","支出","餐饮","未关联","10",""
"2025年12月04日","支出","餐饮","未关联","19","午餐"
"2025年12月04日","支出","购物","未关联","38","买预设"
"2025年12月04日","支出","餐饮","未关联","4",""
"2025年12月03日","支出","餐饮","未关联","17","晚餐"
"2025年12月03日","支出","购物","未关联","1.71","自动铅笔心"
"2025年12月03日","支出","日用","未关联","13.8","水费"
"2025年12月03日","支出","餐饮","未关联","4",""
"2025年12月02日","支出","餐饮","未关联","10","晚餐"
"2025年12月02日","支出","餐饮","未关联","4",""
"2025年12月02日","支出","餐饮","未关联","18.9","奶茶"
"2025年12月02日","支出","餐饮","未关联","14",""
"2025年12月02日","支出","餐饮","未关联","4","早餐"
"2025年12月01日","支出","日用","未关联","2.63","买笔芯"
"2025年12月01日","支出","餐饮","未关联","15.5","晚餐"
"2025年12月01日","支出","购物","未关联","17","买泡面"
"2025年12月01日","支出","日用","未关联","0.3",""
"2025年12月01日","收入","其它","未关联","10",""
"2025年12月01日","支出","餐饮","未关联","11.3","午餐"
"2025年11月30日","支出","餐饮","未关联","6.5","面板"
"2025年11月30日","支出","餐饮","未关联","15","晚餐"
"2025年11月30日","支出","餐饮","未关联","15.1","午餐"
"2025年11月29日","收入","代剪","未关联","25",""
"2025年11月29日","支出","餐饮","未关联","4.5",""
"2025年11月29日","支出","交通","未关联","2","公交"
"2025年11月29日","支出","餐饮","未关联","5","买面包"
"2025年11月29日","支出","餐饮","未关联","20","晚餐"
"2025年11月29日","支出","餐饮","未关联","23.8","午餐"
"2025年11月28日","支出","购物","未关联","17","永劫10琉璃晶"
"2025年11月28日","收入","代剪","未关联","10",""
"2025年11月28日","收入","代剪","未关联","18",""
"2025年11月28日","支出","餐饮","未关联","15","炖奶"
"2025年11月28日","支出","餐饮","未关联","16","华莱士"
"2025年11月27日","支出","餐饮","未关联","1.1","买水"
"2025年11月27日","支出","餐饮","未关联","10",""
"2025年11月27日","支出","餐饮","未关联","15.5","麦记炖奶"
"2025年11月27日","支出","餐饮","未关联","16.2","午餐"
"2025年11月27日","支出","餐饮","未关联","2",""
"2025年11月26日","支出","餐饮","未关联","5",""
"2025年11月26日","支出","餐饮","未关联","6.9","晚餐"
"2025年11月26日","支出","餐饮","未关联","4.8","水"
"2025年11月26日","支出","餐饮","未关联","18.3","午餐"
"2025年11月25日","支出","餐饮","未关联","11.9","晚餐"
"2025年11月25日","支出","餐饮","未关联","3","水"
"2025年11月25日","支出","餐饮","未关联","20.6",""
"2025年11月25日","支出","餐饮","未关联","2","早餐"
"2025年11月24日","支出","餐饮","未关联","15","晚餐"
"2025年11月24日","支出","餐饮","未关联","9.9","咖啡"
"2025年11月24日","支出","餐饮","未关联","13","午餐"
"2025年11月23日","支出","餐饮","未关联","4","咖啡"
"2025年11月23日","支出","餐饮","未关联","17","晚餐"
"2025年11月23日","支出","餐饮","未关联","15.4","午餐"
"2025年11月22日","支出","餐饮","未关联","11","奶茶"
"2025年11月22日","支出","日用","未关联","3",""
"2025年11月21日","收入","其它","未关联","7","卖素材"
"2025年11月21日","支出","购物","未关联","38.86","沐浴露"
"2025年11月21日","支出","日用","未关联","3.2","洗衣机"
"2025年11月21日","支出","餐饮","未关联","5","水"
"2025年11月21日","支出","餐饮","未关联","13.1","晚餐"
"2025年11月21日","支出","数码","未关联","70","清灰"
"2025年11月21日","支出","餐饮","未关联","14","午餐"
"2025年11月21日","支出","餐饮","未关联","2","早餐"
"2025年11月20日","支出","餐饮","未关联","6.5","晚餐"
"2025年11月20日","支出","购物","未关联","9.5","买衣架"
"2025年11月20日","收入","其它","未关联","7","找素材"
"2025年11月20日","支出","餐饮","未关联","11.5","午餐"
"2025年11月20日","支出","购物","未关联","35.7","裤子"
"2025年11月19日","支出","餐饮","未关联","16.3","晚餐"
"2025年11月19日","支出","餐饮","未关联","14.6","古茗"
"2025年11月19日","支出","餐饮","未关联","14","午餐"
"2025年11月18日","支出","餐饮","未关联","26.2","维维豆奶"
"2025年11月18日","支出","餐饮","未关联","4.5","水"
"2025年11月18日","支出","餐饮","未关联","10.8",""
"2025年11月17日","支出","餐饮","未关联","14.36","晚餐"
"2025年11月17日","支出","餐饮","未关联","8.8","午餐"
"2025年11月16日","支出","餐饮","未关联","12","晚餐"
"2025年11月16日","支出","餐饮","未关联","13.5","杨枝甘露"
"2025年11月16日","支出","餐饮","未关联","16","午餐"
"2025年11月15日","支出","餐饮","未关联","6.9","泡面"
"2025年11月15日","收入","代剪","未关联","15",""
"2025年11月15日","支出","日用","未关联","192","配眼镜"
"2025年11月15日","支出","购物","未关联","14.6","维维豆奶"
"2025年11月15日","支出","餐饮","未关联","8.1","午餐"
"2025年11月15日","收入","其它","未关联","5","卖素材"
"2025年11月14日","收入","代剪","未关联","10",""
"2025年11月14日","收入","代剪","未关联","15",""
"2025年11月14日","支出","购物","未关联","49.9","飞天小女警"
"2025年11月14日","支出","购物","未关联","10.9",""
"2025年11月14日","支出","餐饮","未关联","9.9","奥利奥"
"2025年11月14日","支出","餐饮","未关联","79.9","晚餐"
"2025年11月14日","支出","餐饮","未关联","12.9","午餐"
"2025年11月13日","收入","代剪","未关联","15",""
"2025年11月13日","支出","餐饮","未关联","21","晚餐"
"2025年11月13日","支出","餐饮","未关联","21.9","午餐"
"2025年11月12日","支出","餐饮","未关联","23",""
"2025年11月12日","收入","其它","未关联","5","卖素材"
"2025年11月12日","支出","购物","未关联","2.8","鼠标垫"
"2025年11月12日","支出","餐饮","未关联","9.9","咖啡"
"2025年11月12日","支出","餐饮","未关联","14",""
"2025年11月12日","支出","购物","未关联","71.8","买doa6"
"2025年11月12日","支出","餐饮","未关联","4",""
"2025年11月11日","收入","加后期","未关联","10",""
"2025年11月11日","支出","餐饮","未关联","17","晚餐"
"2025年11月11日","支出","餐饮","未关联","11.7",""
"2025年11月10日","收入","代剪","未关联","10",""
"2025年11月10日","收入","代剪","未关联","20",""
"2025年11月10日","支出","餐饮","未关联","6.9","晚餐"
"2025年11月10日","支出","餐饮","未关联","16.9","午餐"
"2025年11月10日","收入","代剪","未关联","10",""
"2025年11月09日","支出","餐饮","未关联","19.8","晚餐"
"2025年11月09日","支出","餐饮","未关联","8","四果汤"
"2025年11月09日","收入","其它","未关联","2","红果短剧提现2元"
"2025年11月09日","支出","餐饮","未关联","11","午餐"
"2025年11月08日","支出","餐饮","未关联","14",""
"2025年11月08日","支出","餐饮","未关联","4.99","买水"
"2025年11月08日","支出","购物","未关联","29.9","牙斑净"
"2025年11月08日","收入","其它","未关联","10","共创"
"2025年11月08日","支出","餐饮","未关联","17.8","午餐"
"2025年11月07日","支出","购物","未关联","9.99","买火鸡面"
"2025年11月07日","支出","餐饮","未关联","18.7","晚餐"
"2025年11月07日","支出","餐饮","未关联","2.49","买水"
"2025年11月07日","支出","餐饮","未关联","10","午餐"
"2025年11月07日","支出","医疗","未关联","12.1","西瓜霜"
"2025年11月07日","支出","购物","未关联","17.3","口腔溃疡贴"
"2025年11月07日","支出","餐饮","未关联","4",""
"2025年11月06日","收入","代剪","未关联","20",""
"2025年11月06日","支出","餐饮","未关联","15.8","晚餐"
"2025年11月06日","支出","餐饮","未关联","4","买水"
"2025年11月06日","支出","餐饮","未关联","12.2","午餐"
"2025年11月06日","支出","餐饮","未关联","4.5","早餐"
"2025年11月05日","收入","加后期","未关联","5",""
"2025年11月05日","支出","餐饮","未关联","12.6","晚餐"
"2025年11月05日","支出","餐饮","未关联","13.1","午餐"
"2025年11月05日","支出","餐饮","未关联","4","早餐"
"2025年11月04日","支出","餐饮","未关联","11","晚餐"
"2025年11月04日","支出","餐饮","未关联","4.5","尖叫一瓶"
"2025年11月04日","支出","餐饮","未关联","16.9","午餐"
"2025年11月04日","支出","餐饮","未关联","4.5","早餐"
"2025年11月03日","支出","餐饮","未关联","11.7","晚餐"
"2025年11月03日","支出","购物","未关联","8.9","400ml玻璃水杯"
"2025年11月03日","支出","购物","未关联","19.8","买维维豆奶"
"2025年11月03日","支出","购物","未关联","0.03","刷播放量"
"2025年11月03日","支出","日用","未关联","10.2","水费"
"2025年11月03日","支出","餐饮","未关联","11.9","午餐"
"2025年11月03日","支出","购物","未关联","2","刷播放量"
"2025年11月03日","支出","购物","未关联","4.5","早餐"
"2025年11月02日","支出","餐饮","未关联","14","晚餐"
"2025年11月02日","支出","餐饮","未关联","9.9","瑞幸一杯"
"2025年11月02日","收入","加后期","未关联","3",""
"2025年11月02日","收入","代剪","未关联","15",""
"2025年11月02日","收入","加后期","未关联","3",""
"2025年11月02日","支出","餐饮","未关联","14.6","午餐"
"2025年11月02日","支出","餐饮","未关联","4.5","早餐"
"2025年11月02日","收入","代剪","未关联","25",""
"2025年11月02日","收入","素材群","未关联","25",""
"2025年11月01日","支出","购物","未关联","4.6","剪刀"
"2025年11月01日","支出","餐饮","未关联","12","炒饭晚餐"
"2025年11月01日","支出","餐饮","未关联","17.87","午餐"
